entidad,ano,consumo_GWh,generacion_GWh,poblacion
Aguascalientes,2013,2428.5,NA,1293332
Aguascalientes,2014,2628.6,NA,1320036
Aguascalientes,2015,2709.4,NA,1344649
Aguascalientes,2016,2752,NA,1367412
Aguascalientes,2017,2863.4,NA,1389971
Aguascalientes,2018,2855.5,NA,1413003
Aguascalientes,2019,2911.3,NA,1436338
Aguascalientes,2020,2667.1,NA,1456050
Aguascalientes,2021,2702.4,NA,1472645
Aguascalientes,2022,2857.9,NA,1491126
Aguascalientes,2023,3101.3,NA,1510839
Baja California,2013,9426.2,12088.263702,3316849
Baja California,2014,9815.6,12366.362014,3350881
Baja California,2015,10011.8,12674.402932,3406162
Baja California,2016,10457.7,12450.185922,3490609
Baja California,2017,10785.7,11998.598372,3581745
Baja California,2018,10823.8,11960.418093,3674434
Baja California,2019,10489.8,11893.083719,3767720
Baja California,2020,10820.1,11649.844511,3838619
Baja California,2021,11925.1,11869.104169,3889925
Baja California,2022,12982.7,12708.175869,3948201
Baja California,2023,13270.8,12803.19706,4010510
Baja California Sur,2013,2059.3,2367.247838,698209
Baja California Sur,2014,2116.5,2281.718587,714281
Baja California Sur,2015,2201.7,2332.849682,730405
Baja California Sur,2016,2342.5,2498.255669,746827
Baja California Sur,2017,2366.8,2443.320298,763394
Baja California Sur,2018,2561.2,2584.453544,780416
Baja California Sur,2019,2595.9,2507.714238,797758
Baja California Sur,2020,2485.9,2451.973665,815098
Baja California Sur,2021,2695.4,2585.326322,831832
Baja California Sur,2022,2843.7,2563.700643,849224
Baja California Sur,2023,3099,2620.28508,867766
Campeche,2013,1258.4,1461.767515,889136
Campeche,2014,1299.3,1278.677806,905316
Campeche,2015,1340.8,947.372726,917075
Campeche,2016,1388.2,1216.092023,923399
Campeche,2017,1340.4,717.610397,927991
Campeche,2018,1315.6,993.12995,932320
Campeche,2019,1388.3,1125.873982,936190
Campeche,2020,1350.1,365.463638,939179
Campeche,2021,1397.1,591.850619,941684
Campeche,2022,1404.1,364.803139,945445
Campeche,2023,1548,872.13588,950291
Coahuila,2013,10455.7,18014.122319,2938067
Coahuila,2014,10551.6,19289.130494,2978928
Coahuila,2015,10462.9,19185.573993,3017320
Coahuila,2016,10211.9,18262.400526,3053932
Coahuila,2017,10393.4,14427.541,3089757
Coahuila,2018,10601.9,14012.330245,3126107
Coahuila,2019,10920.2,10590.158059,3162465
Coahuila,2020,9446.6,6299.555415,3197122
Coahuila,2021,9095.4,5709.564915,3232850
Coahuila,2022,9452.2,5496.067756,3273658
Coahuila,2023,8914.5,5169.92164,3316738
Colima,2013,1735.6,11438.086428,702992
Colima,2014,1759.6,12520.426203,715359
Colima,2015,1787.3,13983.942418,724011
Colima,2016,1842.1,13428.568888,728544
Colima,2017,1963.8,14465.268325,732464
Colima,2018,2025.4,15034.348217,736743
Colima,2019,2058.5,15566.75091,741130
Colima,2020,2090.2,10337.846914,745122
Colima,2021,2108.8,8760.250514,748315
Colima,2022,2127.3,7216.913743,752247
Colima,2023,2226.6,12931.95928,757405
Chiapas,2013,2824.6,11839.939823,5220498
Chiapas,2014,2912.4,17954.590812,5308440
Chiapas,2015,3054.6,11352.157904,5386294
Chiapas,2016,3256.5,10440.616053,5453377
Chiapas,2017,3086,10947.933081,5517445
Chiapas,2018,3096.4,11644.52147,5582946
Chiapas,2019,3339.7,7078.381985,5648179
Chiapas,2020,3240.5,9845.128719,5715260
Chiapas,2021,3299.3,13845.857265,5785553
Chiapas,2022,3366.9,15744.679076,5862882
Chiapas,2023,3607.1,9441.71005,5946352
Chihuahua,2013,10836.1,13849.745034,3561862
Chihuahua,2014,11283.6,15511.327423,3590487
Chihuahua,2015,11786.5,15428.280826,3621545
Chihuahua,2016,12197.4,16059.471798,3657794
Chihuahua,2017,12515.5,14421.563633,3695619
Chihuahua,2018,12699.4,15058.660188,3735414
Chihuahua,2019,12949.7,16297.406522,3775295
Chihuahua,2020,13233,16949.620211,3812627
Chihuahua,2021,13097.2,16166.846323,3851891
Chihuahua,2022,13115.6,18103.660905,3898274
Chihuahua,2023,13491.2,19772.03318,3947936
Ciudad de México,2013,14563,798.48535,9121489
Ciudad de México,2014,14300.6,396.584247,9131261
Ciudad de México,2015,14464.3,719.886216,9152227
Ciudad de México,2016,14500,570.046006,9196836
Ciudad de México,2017,13621.7,814.73648,9246758
Ciudad de México,2018,13432.4,1004.086173,9296268
Ciudad de México,2019,12910.5,874.234691,9343071
Ciudad de México,2020,11354.8,150.668726,9332593
Ciudad de México,2021,11267.2,211.647192,9272649
Ciudad de México,2022,11882.4,220.214927,9237644
Ciudad de México,2023,12176.1,591.94541,9221637
Durango,2013,2918.6,9131.508228,1749082
Durango,2014,3041.2,9031.381862,1772225
Durango,2015,3059.6,9286.307023,1791588
Durango,2016,3300.2,8711.498176,1806708
Durango,2017,3140.1,9081.228281,1820182
Durango,2018,3237.7,9406.947015,1833514
Durango,2019,3383.1,13339.88809,1846325
Durango,2020,3168.6,14146.198365,1858155
Durango,2021,3288.4,7636.530305,1870186
Durango,2022,3330.1,12158.743761,1884286
Durango,2023,3408.6,14014.28861,1899457
Guanajuato,2013,10506,6443.628064,5846464
Guanajuato,2014,10948.6,6411.694915,5920002
Guanajuato,2015,11370,5555.549122,5985087
Guanajuato,2016,11943.1,6958.75146,6042559
Guanajuato,2017,12188.1,8145.832848,6098836
Guanajuato,2018,12003.1,8816.868639,6156841
Guanajuato,2019,12033.9,15443.687837,6214546
Guanajuato,2020,11325.7,9081.18025,6265796
Guanajuato,2021,10253.9,9227.124838,6308964
Guanajuato,2022,10496.8,9106.559084,6360814
Guanajuato,2023,10921,8319.6775,6422483
Guerrero,2013,2779.4,20478.782025,3576309
Guerrero,2014,2832.6,21456.893127,3605158
Guerrero,2015,2952.1,19968.091709,3620740
Guerrero,2016,3030.5,21929.109203,3621045
Guerrero,2017,2973.7,19812.969638,3616519
Guerrero,2018,3099.3,18630.879033,3611193
Guerrero,2019,3177,10924.196307,3604522
Guerrero,2020,3179.1,10463.230161,3599955
Guerrero,2021,3163.7,10857.423756,3598332
Guerrero,2022,3209.4,11165.194671,3599951
Guerrero,2023,3293.2,12532.06488,3604215
Hidalgo,2013,3663,13037.786497,2852032
Hidalgo,2014,3554.3,11457.847881,2891824
Hidalgo,2015,3848.7,11524.629192,2931124
Hidalgo,2016,3983.1,12417.748029,2971554
Hidalgo,2017,3958.3,11490.021098,3012171
Hidalgo,2018,3913.5,10452.81116,3053548
Hidalgo,2019,3913.8,529.62551,3095127
Hidalgo,2020,3693.3,515.351628,3130166
Hidalgo,2021,3584.3,524.278468,3157947
Hidalgo,2022,3592.1,5869.498443,3190331
Hidalgo,2023,3513.3,8950.69245,3227801
Jalisco,2013,12265.8,574.995331,7847959
Jalisco,2014,12288.1,568.985279,7945906
Jalisco,2015,12886.3,669.631388,8040214
Jalisco,2016,13370.6,652.686597,8134729
Jalisco,2017,13542.2,601.722322,8229023
Jalisco,2018,13476.2,662.26012,8325605
Jalisco,2019,13851.2,5161.730374,8423387
Jalisco,2020,13043.5,4854.278059,8507662
Jalisco,2021,13193.6,4941.790516,8573447
Jalisco,2022,13642.7,2124.422469,8647986
Jalisco,2023,14362.2,428.33714,8735511
Estado de México,2013,17757.7,6781.537185,16209259
Estado de México,2014,17959.8,6115.514585,16418232
Estado de México,2015,18337.7,6877.703764,16594825
Estado de México,2016,18428.5,6364.801879,16737401
Estado de México,2017,17838,6084.190765,16870063
Estado de México,2018,17846.9,5700.606755,17005733
Estado de México,2019,17489.4,8254.755599,17141518
Estado de México,2020,15980.4,7659.50415,17236788
Estado de México,2021,16434.1,7764.045325,17291050
Estado de México,2022,16914.6,6479.681539,17379644
Estado de México,2023,17465.5,7936.03829,17501220
Michoacán,2013,7341,3815.476828,4605304
Michoacán,2014,7022.3,4237.271628,4648296
Michoacán,2015,6623.2,4117.098006,4683987
Michoacán,2016,6802.1,3985.156052,4712935
Michoacán,2017,7729.6,7458.528133,4740170
Michoacán,2018,7819.2,6409.200075,4769382
Michoacán,2019,7807.7,5736.860069,4798352
Michoacán,2020,7204.3,6461.352234,4830267
Michoacán,2021,5118.5,3581.530682,4862597
Michoacán,2022,4991.8,7387.779966,4901506
Michoacán,2023,5129.3,4419.36283,4950601
Morelos,2013,2597.3,NA,1895682
Morelos,2014,2636.6,NA,1921450
Morelos,2015,2566.1,NA,1941580
Morelos,2016,2725.9,NA,1955483
Morelos,2017,2772.3,358.03071,1967810
Morelos,2018,2788.3,0,1980405
Morelos,2019,2553.2,0,1992901
Morelos,2020,2479.1,0,2002754
Morelos,2021,2511.5,2033.627326,2008274
Morelos,2022,2354.7,4877.703044,2017078
Morelos,2023,2412.8,4680.64337,2030857
Nayarit,2013,1388.5,1393.364721,1165666
Nayarit,2014,1439.1,3596.643971,1183925
Nayarit,2015,1534.1,4345.341529,1198804
Nayarit,2016,1582.2,4217.865809,1209787
Nayarit,2017,1578.9,3281.233559,1219657
Nayarit,2018,1589.4,4964.00398,1230058
Nayarit,2019,1656,3436.794334,1240909
Nayarit,2020,1612.6,2736.345836,1252690
Nayarit,2021,1717.8,5612.091207,1264932
Nayarit,2022,1813.8,4588.050364,1278605
Nayarit,2023,1973.6,1562.80081,1294124
Nuevo León,2013,16926.5,9108.852227,5058154
Nuevo León,2014,17500.3,8512.244318,5156442
Nuevo León,2015,17864.1,9599.523094,5266220
Nuevo León,2016,18609.5,8960.859828,5392796
Nuevo León,2017,17141.5,7450.387167,5523593
Nuevo León,2018,18090,7476.315684,5657159
Nuevo León,2019,17655.4,7610.372909,5792403
Nuevo León,2020,16000,3498.126011,5905971
Nuevo León,2021,16880.3,8982.133545,5996906
Nuevo León,2022,18758.9,4912.207108,6095498
Nuevo León,2023,19203.9,6603.78887,6202153
Oaxaca,2013,2516.8,3132.777584,4005676
Oaxaca,2014,2572.7,3355.937907,4037510
Oaxaca,2015,2653.8,3266.74635,4067038
Oaxaca,2016,2698.9,3679.175655,4095378
Oaxaca,2017,2656.4,3496.446986,4122860
Oaxaca,2018,2747.4,3579.37573,4151349
Oaxaca,2019,2900.1,2766.461568,4180230
Oaxaca,2020,2881.9,3185.289659,4204445
Oaxaca,2021,2920.4,3247.530252,4221338
Oaxaca,2022,3011.2,3509.52832,4244538
Oaxaca,2023,3196.8,2984.02512,4276769
Puebla,2013,7524.1,4495.721745,6183078
Puebla,2014,7566.8,4898.899058,6259726
Puebla,2015,7592.8,4213.412306,6333894
Puebla,2016,7625.9,4178.012247,6407953
Puebla,2017,7725,4375.691355,6482027
Puebla,2018,7817,3841.528646,6558654
Puebla,2019,7610.5,3377.567661,6637103
Puebla,2020,6920.6,3224.241489,6705217
Puebla,2021,7069.2,3707.072533,6758650
Puebla,2022,7216.4,3637.096771,6824785
Puebla,2023,7080.8,3508.40151,6907421
Querétaro,2013,4715,3363.331526,2008518
Querétaro,2014,4812.8,4167.221009,2054196
Querétaro,2015,4923.9,4391.351496,2106659
Querétaro,2016,5162.3,3594.432736,2168910
Querétaro,2017,5243.7,4343.007564,2233603
Querétaro,2018,5458.8,3925.682826,2298993
Querétaro,2019,5543.9,4075.798006,2364645
Querétaro,2020,4816.5,3382.956882,2419819
Querétaro,2021,4766.6,3500.140171,2462684
Querétaro,2022,5040.7,3623.370841,2508214
Querétaro,2023,5362.2,3598.44057,2557915
Quintana Roo,2013,4034.6,140.649125,1464964
Quintana Roo,2014,4219,34.371529,1503999
Quintana Roo,2015,4504.5,90.534424,1555088
Quintana Roo,2016,4764.7,73.980755,1622307
Quintana Roo,2017,4831.9,110.370823,1693802
Quintana Roo,2018,5012.4,294.185168,1767057
Quintana Roo,2019,5297.4,681.337752,1841470
Quintana Roo,2020,4340.8,179.824642,1898241
Quintana Roo,2021,4965.5,173.433484,1936713
Quintana Roo,2022,5471.8,451.335101,1977161
Quintana Roo,2023,6087.4,577.85628,2019606
San Luis Potosí,2013,5774.6,9338.022141,2732108
San Luis Potosí,2014,5848.8,8485.364661,2758933
San Luis Potosí,2015,5799.9,10366.576641,2781703
San Luis Potosí,2016,6297.4,10505.334887,2800720
San Luis Potosí,2017,5860.4,11513.784304,2818687
San Luis Potosí,2018,5921.7,11073.362365,2837201
San Luis Potosí,2019,5982.9,11079.178537,2855736
San Luis Potosí,2020,5708.4,9144.609102,2871697
San Luis Potosí,2021,5364.6,6205.660933,2885794
San Luis Potosí,2022,5089.6,7419.518553,2905759
San Luis Potosí,2023,5214.3,10133.06521,2931052
Sinaloa,2013,6001.4,5497.530828,2953698
Sinaloa,2014,6370,5516.891961,2992691
Sinaloa,2015,6556.8,5662.24036,3019576
Sinaloa,2016,6836.4,5127.498443,3032732
Sinaloa,2017,7039.8,6525.571174,3043381
Sinaloa,2018,7127.8,5785.13887,3055044
Sinaloa,2019,7256.1,7882.959998,3066406
Sinaloa,2020,7306.9,10984.573782,3079773
Sinaloa,2021,7500.9,9206.941799,3096923
Sinaloa,2022,7494.1,9010.764575,3118470
Sinaloa,2023,8269.6,11050.34437,3142699
Sonora,2013,11032.6,11343.806198,2831208
Sonora,2014,9878.1,10005.267344,2869173
Sonora,2015,9973.2,10625.956114,2899261
Sonora,2016,10253.7,11128.175382,2920813
Sonora,2017,10414.7,13268.315614,2940352
Sonora,2018,10458.4,13679.362673,2960783
Sonora,2019,10553.5,12874.908456,2981674
Sonora,2020,10962.6,13902.697809,3002286
Sonora,2021,10887.7,15464.077201,3024147
Sonora,2022,11519.6,15717.466464,3051188
Sonora,2023,12030.9,15653.60816,3081734
Tabasco,2013,3342.1,NA,2386488
Tabasco,2014,3401.3,NA,2420042
Tabasco,2015,3452.6,NA,2440488
Tabasco,2016,3702.7,NA,2445024
Tabasco,2017,3321.9,NA,2445081
Tabasco,2018,3292.5,NA,2444325
Tabasco,2019,3336.1,NA,2442176
Tabasco,2020,3375.8,NA,2440449
Tabasco,2021,3358.9,NA,2441753
Tabasco,2022,3580.2,NA,2447193
Tabasco,2023,4023.5,NA,2454787
Tamaulipas,2013,8726.4,33558.649853,3439496
Tamaulipas,2014,8709.3,32398.438768,3473611
Tamaulipas,2015,8955.4,34553.21351,3500156
Tamaulipas,2016,9003.4,33026.13756,3519599
Tamaulipas,2017,8762.7,31081.956129,3537686
Tamaulipas,2018,8941.9,30545.840622,3556359
Tamaulipas,2019,9100.7,30618.711328,3574992
Tamaulipas,2020,8605,26269.990396,3595971
Tamaulipas,2021,8522.8,23729.522352,3621934
Tamaulipas,2022,8956.5,26098.984919,3652671
Tamaulipas,2023,9307.7,29792.42078,3685588
Tlaxcala,2013,1814.3,NA,1266063
Tlaxcala,2014,1836.2,NA,1287633
Tlaxcala,2015,1848.1,NA,1305544
Tlaxcala,2016,1911,NA,1319228
Tlaxcala,2017,1887.5,NA,1331896
Tlaxcala,2018,1774.5,NA,1345021
Tlaxcala,2019,1625.4,NA,1358198
Tlaxcala,2020,1492,NA,1369950
Tlaxcala,2021,1486.1,NA,1380635
Tlaxcala,2022,1542.7,NA,1395020
Tlaxcala,2023,1464,NA,1412895
Veracruz,2013,10870.7,37327.056514,8105450
Veracruz,2014,10774.7,29924.078827,8192658
Veracruz,2015,11119.7,33131.620873,8237896
Veracruz,2016,11142.2,35012.039887,8234539
Veracruz,2017,9783.5,33638.906624,8218904
Veracruz,2018,10323.4,36518.528414,8203798
Veracruz,2019,10112,35839.332515,8188082
Veracruz,2020,9565.9,31374.897483,8169287
Veracruz,2021,9677.9,31304.161795,8146184
Veracruz,2022,9928.3,29837.264541,8133233
Veracruz,2023,10566.5,33543.98649,8131584
Yucatán,2013,3173,7028.010901,2089484
Yucatán,2014,3240.6,6348.856345,2119530
Yucatán,2015,3494,5723.895328,2154214
Yucatán,2016,3691.1,6078.403638,2195871
Yucatán,2017,3717.8,4726.365902,2238955
Yucatán,2018,3811.5,4278.38654,2282762
Yucatán,2019,4107.8,4416.978903,2326846
Yucatán,2020,3798,5242.327014,2363123
Yucatán,2021,3929.5,6389.514728,2390802
Yucatán,2022,4157.6,7312.457743,2420401
Yucatán,2023,4612.6,8372.3499,2452378
Zacatecas,2013,2873.2,NA,1583078
Zacatecas,2014,2893.9,NA,1600453
Zacatecas,2015,2465.1,NA,1613116
Zacatecas,2016,2258.6,NA,1620606
Zacatecas,2017,2265.2,NA,1626770
Zacatecas,2018,2120.7,NA,1633390
Zacatecas,2019,2418.6,NA,1639972
Zacatecas,2020,2415.1,NA,1647038
Zacatecas,2021,2357.7,NA,1655403
Zacatecas,2022,2447.1,NA,1667567
Zacatecas,2023,2557.2,NA,1683013
